{"val_loss": [0.5468556582927704, 0.5391718221090632, 0.5575351151150166, 0.4996217707672322, 0.5130743761977947, 0.48806385856477913, 0.4778892757407812, 0.4791553562255477, 0.45764321079746184, 0.4686891633299305, 0.44818516512018414, 0.44162214634451047, 0.43360637718520506, 0.43141386663606207, 0.42658780381784456, 0.4231745401716739, 0.4181820460353527, 0.4208789588558475, 0.4208783395644927, 0.40584307804997666, 0.3927505994964623, 0.3908260833240243, 0.384268842626233, 0.380719423429738, 0.37821947474580975, 0.37594930807267046, 0.37113510350356155, 0.3711868528169276, 0.3606404316624307, 0.3594760473291863, 0.3623549279294716, 0.3646142737818415, 0.35286131270557686, 0.3488969635077058, 0.3528493882944081, 0.3404607002670016, 0.35251256990866886, 0.3440757502373506, 0.35132993049976136, 0.3312817819201711, 0.3245441722309101, 0.3295566904526741, 0.32142921088317095, 0.312616738535109, 0.31476684197308624, 0.3297242878601294, 0.3292530415995168, 0.31896115249313967, 0.3110445338514759, 0.3263508028072363], "val_acc": [0.9445684523809523, 0.9385432473444613, 0.9298179059180577, 0.9537177541729894, 0.9449924127465857, 0.9510622155684441, 0.954855842185129, 0.9510622155684441, 0.9590288316534213, 0.9544764796048629, 0.9590288316534213, 0.9586494689827081, 0.9586494689827081, 0.9586494689827081, 0.9601669196655609, 0.9582701063119949, 0.9590288315629742, 0.958649468892261, 0.9556145676170025, 0.9590288315629742, 0.9635811836115327, 0.9624430956898401, 0.9639605463726929, 0.9605462823362741, 0.9578907436412817, 0.9594081943241345, 0.962063733019127, 0.9601669196655609, 0.9609256449165402, 0.9597875569948477, 0.9571320182998553, 0.956752655538695, 0.9594081943241345, 0.9620637329286799, 0.9575113808801214, 0.9613050075872535, 0.954855842185129, 0.9594081942336874, 0.9518209409098705, 0.9578907435508346, 0.960546282245827, 0.9597875569044007, 0.9594081943241345, 0.9631696428571429, 0.9613050076777006, 0.9613050075872535, 0.9571320182094082, 0.958649468892261, 0.9613050076777006, 0.9548558422755761], "loss": [0.6629113630996537, 0.535057203581403, 0.5175608990701484, 0.5052786624757591, 0.49433892515048566, 0.4840898582620314, 0.47700034477994013, 0.4664226835789657, 0.4602304138877252, 0.4531452460371507, 0.44668775652410175, 0.4392044047049825, 0.4334779219266012, 0.42719811825893805, 0.4194743965045573, 0.4145981834436161, 0.40808869024346967, 0.4018597286045816, 0.398127329636074, 0.39020928765262547, 0.3858063494047542, 0.3807635160091376, 0.3749080144888818, 0.3698421175070056, 0.3652009573388198, 0.36097856891379293, 0.3545001235240562, 0.3479814813739399, 0.3453062086145926, 0.3395653062528532, 0.3346123953947206, 0.33307083643539553, 0.32795112303661667, 0.3234207002570612, 0.31979184916079634, 0.3151658518827182, 0.31120732339378365, 0.3054234704260116, 0.304651822937182, 0.29765021463954816, 0.297123846319632, 0.29127307850535455, 0.2894978423212155, 0.28407147261460214, 0.28251475944719634, 0.27945529638331407, 0.27630969462995136, 0.2728158273677283, 0.2689789364217625, 0.26479929644604544], "acc": [0.8943701675257731, 0.945793337068837, 0.9493022505492945, 0.951076873408274, 0.9542227958088547, 0.9544244575011996, 0.9557554246706761, 0.9568847301478077, 0.9570460595016836, 0.9584576913480981, 0.9587803500558499, 0.9605953052869542, 0.9592643381174778, 0.9605549729484852, 0.9609582963331751, 0.9607566346408302, 0.9619666047948997, 0.9628942485796864, 0.9619262724564308, 0.9640638864241349, 0.9647495361781077, 0.9649511978416045, 0.9650318625473905, 0.9663224973495501, 0.9655965152859562, 0.966483826703426, 0.9667661531015568, 0.9680971202710333, 0.9670081471371788, 0.9686214406711301, 0.9697104138097927, 0.9691860934096959, 0.9686617730095991, 0.9698314108251996, 0.9687021053480681, 0.9703557312252964, 0.9693474227635719, 0.9712027103042972, 0.9707993869196073, 0.9720093571025248, 0.9714043719966421, 0.9719690247352079, 0.9727756715334355, 0.9731386625796564, 0.9726546745180286, 0.9723320158102767, 0.9728966685488425, 0.9734209889489392, 0.9734613212874083, 0.9743889650721949]}