{"val_loss": [0.36626402253196355, 0.36404083829729256, 0.34223068031808856, 0.32669107188585134, 0.3314941447448658, 0.315307264262881, 0.3090729688114751, 0.3015347632815516, 0.29661578930383026, 0.2959061391391595, 0.28452318402541427, 0.2853795693387392, 0.2799826170768651, 0.2802950347320082, 0.2787209882179052, 0.2737173870635503, 0.27503780251840904, 0.2806594732453501, 0.27605853518061285, 0.28384707232708273], "val_acc": [0.9434523809523809, 0.9358877086494689, 0.9457511381784592, 0.9499241275563045, 0.9480273141122914, 0.9567526556291421, 0.9563732929584289, 0.9563732929584289, 0.9594081943241345, 0.9571320182094082, 0.9613050075872535, 0.9601669196655609, 0.9605462823362741, 0.9605462823362741, 0.9567526556291421, 0.9609256449165402, 0.958649468892261, 0.9609256449165402, 0.958649468892261, 0.9582701062215478], "loss": [0.4570516546823315, 0.3606484735950574, 0.34488553855220494, 0.3361656395088158, 0.3302142671844676, 0.32305186533529817, 0.31400593064951976, 0.3079198380506855, 0.3058302867981833, 0.2979784182223945, 0.29572189993350423, 0.2905628290822201, 0.28654481691151384, 0.28189630812335864, 0.2789578675836712, 0.2728308358624778, 0.27208299601309777, 0.2655697143973579, 0.26365350911028207, 0.2590248102289617], "acc": [0.8928398840206185, 0.9446236992868924, 0.9493829152262325, 0.9503105589773633, 0.9515608615035577, 0.9531338226701922, 0.9553521012859862, 0.9565620714400558, 0.9557554246706761, 0.9568443978093387, 0.958699685378912, 0.9580140356249393, 0.9580543679634083, 0.9600709848868575, 0.9595869968252296, 0.9613616197178649, 0.9603936435946093, 0.9621682664872446, 0.961442284394803, 0.9634992336567212]}