{"val_loss": [0.44323024437541053, 0.4324295244918788, 0.4101584440659681, 0.3991145225685536, 0.4041864022680407, 0.37957274466074653, 0.3817265949046666, 0.367315194449403, 0.3643607628815814, 0.36077703854382853, 0.34654819513127005, 0.3497815165154308, 0.3406056058063131, 0.34782561085473784, 0.3362609184656592, 0.33500287226190695, 0.3396224072471555, 0.32749144192530644, 0.32422379043648564, 0.3232131886192808, 0.4422275431099392, 0.4139527503022294, 0.4040159105531001, 0.40399545747701965, 0.38816603927764254, 0.3883130101766861, 0.3741814401424709, 0.43809673828738077, 0.4288135504686416, 0.41479065684157906, 0.38981561197677406, 0.3929477996095359, 0.38367365027052863, 0.374283657405011, 0.37058552891603913, 0.36121992420896953, 0.35598761105573595, 0.3493716090420128, 0.3496234063313474, 0.34115058310296, 0.33697152892989707, 0.34032745010393345, 0.3302332003670144, 0.3315706720211075, 0.3319242149365328, 0.3256582799332276, 0.3356577356505647, 0.315668151709668, 0.31423914181534907, 0.30807402295841974, 0.30680187695485867, 0.31140552811629857, 0.30165619006287164, 0.3075976543162408, 0.2951428389151288, 0.30173358416159346, 0.28773779699039026, 0.29324891227149097, 0.29114365699801353, 0.28494022047212164, 0.28505746597404363, 0.27684776369646213, 0.2839763743381761, 0.27264756570274806, 0.2743194348352632, 0.2685823130318174, 0.26495021654007467, 0.2611132660747841, 0.26593163935114295, 0.26287326691545015, 0.2672013583637419, 0.26211503496300287, 0.27767219700835, 0.2668553222202567, 0.27098359766787933, 0.267722017396021, 0.25612818792304065], "val_acc": [0.9475446428571429, 0.9404400606980273, 0.9514415781487102, 0.9537177542634365, 0.9415781488006141, 0.9556145675265554, 0.9571320182094082, 0.9594081943241345, 0.9578907436412817, 0.9597875569948477, 0.9609256450069873, 0.9594081943241345, 0.9597875569948477, 0.9575113809705685, 0.9605462823362741, 0.9571320182998553, 0.9556145676170025, 0.9552352049462893, 0.9540971169341497, 0.9582701063119949, 0.9423363095238095, 0.9484066767830045, 0.9499241274658573, 0.9514415781487102, 0.9522003034901366, 0.9552352049462893, 0.9582701062215478, 0.9471726190476191, 0.9453717755077461, 0.9461305007587253, 0.9540971169341497, 0.9540971169341497, 0.9575113809705685, 0.9567526556291421, 0.9575113808801214, 0.9556145676170025, 0.956752655538695, 0.9601669196655609, 0.9590288315629742, 0.9616843703484137, 0.9613050076777006, 0.9575113809705685, 0.956752655538695, 0.9563732928679818, 0.9578907436412817, 0.9571320182094082, 0.9578907436412817, 0.9578907436412817, 0.9578907435508346, 0.9563732929584289, 0.9628224583605534, 0.9578907436412817, 0.9605462823362741, 0.9571320182998553, 0.9594081943241345, 0.9582701063119949, 0.9597875569948477, 0.9605462823362741, 0.9647192717141193, 0.9601669196655609, 0.9605462823362741, 0.9605462823362741, 0.9586494689827081, 0.9616843703484137, 0.9601669196655609, 0.9635811837019798, 0.9609256450069873, 0.9609256450069873, 0.9582701063119949, 0.9609256450069873, 0.9605654761904762, 0.9597875569948477, 0.9559939302877157, 0.9597875569948477, 0.9582701063119949, 0.9601669196655609, 0.9624430956898401], "loss": [0.5393205679876288, 0.431570779381043, 0.41670406033476004, 0.40503621288890984, 0.39473179436368483, 0.3867646434681737, 0.38044905857019795, 0.37266514394238487, 0.37034608801497637, 0.3615436647927231, 0.35539010927265013, 0.35151575562347565, 0.3461536255427654, 0.3391830830181896, 0.33400982197873236, 0.3318444321071312, 0.32603377258142, 0.32133917894307246, 0.31886430742318106, 0.3122932825601417, 0.5463323479460687, 0.4322934717317353, 0.41487705264253427, 0.40352347881176437, 0.3942387770349637, 0.3858301942868897, 0.37831658189591166, 0.5541947853473044, 0.43022640590957356, 0.41598845343152446, 0.4045422034532089, 0.39463605324308687, 0.3860725969799759, 0.3798775936125978, 0.3729815345224165, 0.3662228601814672, 0.3607260891917522, 0.35620720173318876, 0.34811570992573254, 0.3457536497279176, 0.3377844761905915, 0.33379575439477205, 0.32823784775221226, 0.3262321199199178, 0.3190285270758538, 0.315177896479171, 0.31076618709914805, 0.30563704048643925, 0.302147813591494, 0.2989323348879112, 0.2957905233855919, 0.2908626290949793, 0.2866219922754758, 0.2838281322962682, 0.28124096802120063, 0.276943313701168, 0.2732801840816321, 0.2664252291961265, 0.2656855905169949, 0.26173461343580134, 0.26016263715935456, 0.25552230715905505, 0.25105563887446275, 0.25316436057000563, 0.24775299661398184, 0.24547382836054532, 0.24160501239251117, 0.23962964741844434, 0.23531875279105133, 0.23285771778964165, 0.23407312534822228, 0.22781280102730375, 0.22596222592201157, 0.22509545418363602, 0.2213462695023836, 0.21930493475944274, 0.2181645939777943], "acc": [0.8882087628865979, 0.9457933371024929, 0.9493829152262325, 0.9514801968266198, 0.9540211341165098, 0.95599741870149, 0.9556344276552692, 0.9577720415941253, 0.9570863918401527, 0.9578123739325943, 0.9596273291636986, 0.958861014732788, 0.9604339759330783, 0.961482616733272, 0.9617246107640859, 0.9616036137486789, 0.9616842784256169, 0.9623699281795896, 0.9626925868873415, 0.9618052754746798, 0.8857522551546392, 0.94567234005343, 0.9493425828541077, 0.9516011938083707, 0.9532951520240681, 0.9547874485474205, 0.9566427361169938, 0.8777384020618557, 0.94551101073321, 0.9500282326080803, 0.9511575380852119, 0.9528918286393783, 0.9552311042705793, 0.9557554246706761, 0.956320077409242, 0.9578123739325943, 0.9591030087924498, 0.9577720415941253, 0.9595466644867606, 0.9589416794385739, 0.9612002903928369, 0.9614826167621199, 0.9613212874130519, 0.961240622702458, 0.9631362426393483, 0.9634992336567212, 0.9632572396547552, 0.9643058804549488, 0.9647898685165766, 0.9643462127934178, 0.9652738565782044, 0.9649108655319836, 0.9655561829474872, 0.9659998386706461, 0.9652738565782044, 0.9658385093167702, 0.9675324675324676, 0.968863434701944, 0.9671694764862466, 0.968944099378882, 0.9680567879325643, 0.9699524078406065, 0.9705977252561103, 0.9685004436268753, 0.9688634346730961, 0.9696297491328547, 0.9708397192869243, 0.9710817133177382, 0.9705573928887934, 0.9718480277486489, 0.9699524078406065, 0.9709607163023312, 0.9719286924255869, 0.9710010486119522, 0.9724933451641526, 0.9724530128256836, 0.9728966685488425]}