{"val_loss": [0.44323024437541053, 0.4324295244918788, 0.4101584440659681, 0.3991145225685536, 0.4041864022680407, 0.37957274466074653, 0.3817265949046666, 0.367315194449403, 0.3643607628815814, 0.36077703854382853, 0.34654819513127005, 0.3497815165154308, 0.3406056058063131, 0.34782561085473784, 0.3362609184656592, 0.33500287226190695, 0.3396224072471555, 0.32749144192530644, 0.32422379043648564, 0.3232131886192808, 0.4422275431099392, 0.4139527503022294, 0.4040159105531001, 0.40399545747701965, 0.38816603927764254, 0.3883130101766861, 0.3741814401424709, 0.43809673828738077, 0.4288135504686416, 0.41479065684157906, 0.38981561197677406, 0.3929477996095359, 0.38367365027052863], "val_acc": [0.9475446428571429, 0.9404400606980273, 0.9514415781487102, 0.9537177542634365, 0.9415781488006141, 0.9556145675265554, 0.9571320182094082, 0.9594081943241345, 0.9578907436412817, 0.9597875569948477, 0.9609256450069873, 0.9594081943241345, 0.9597875569948477, 0.9575113809705685, 0.9605462823362741, 0.9571320182998553, 0.9556145676170025, 0.9552352049462893, 0.9540971169341497, 0.9582701063119949, 0.9423363095238095, 0.9484066767830045, 0.9499241274658573, 0.9514415781487102, 0.9522003034901366, 0.9552352049462893, 0.9582701062215478, 0.9471726190476191, 0.9453717755077461, 0.9461305007587253, 0.9540971169341497, 0.9540971169341497, 0.9575113809705685], "loss": [0.5393205679876288, 0.431570779381043, 0.41670406033476004, 0.40503621288890984, 0.39473179436368483, 0.3867646434681737, 0.38044905857019795, 0.37266514394238487, 0.37034608801497637, 0.3615436647927231, 0.35539010927265013, 0.35151575562347565, 0.3461536255427654, 0.3391830830181896, 0.33400982197873236, 0.3318444321071312, 0.32603377258142, 0.32133917894307246, 0.31886430742318106, 0.3122932825601417, 0.5463323479460687, 0.4322934717317353, 0.41487705264253427, 0.40352347881176437, 0.3942387770349637, 0.3858301942868897, 0.37831658189591166, 0.5541947853473044, 0.43022640590957356, 0.41598845343152446, 0.4045422034532089, 0.39463605324308687, 0.3860725969799759], "acc": [0.8882087628865979, 0.9457933371024929, 0.9493829152262325, 0.9514801968266198, 0.9540211341165098, 0.95599741870149, 0.9556344276552692, 0.9577720415941253, 0.9570863918401527, 0.9578123739325943, 0.9596273291636986, 0.958861014732788, 0.9604339759330783, 0.961482616733272, 0.9617246107640859, 0.9616036137486789, 0.9616842784256169, 0.9623699281795896, 0.9626925868873415, 0.9618052754746798, 0.8857522551546392, 0.94567234005343, 0.9493425828541077, 0.9516011938083707, 0.9532951520240681, 0.9547874485474205, 0.9566427361169938, 0.8777384020618557, 0.94551101073321, 0.9500282326080803, 0.9511575380852119, 0.9528918286393783, 0.9552311042705793]}