{"val_loss": [0.6617634637015206, 0.594001390322568, 0.5471709869428903, 0.49236896019061527, 0.4496157206425356, 0.42281663069594794, 0.3971474507600295, 0.3519770389533007, 0.34674368337452505, 0.31106704652128525, 0.30309861717528025, 0.2841532501040171, 0.25835079291612134, 0.24263615976335065, 0.23110234812015104, 0.2358095970383544, 0.21891450981449828, 0.20552968768592308, 0.20043877845740282, 0.1922294791669151, 0.19152421898834623, 0.1889144479097835, 0.17333946093261152, 0.18236492804855062, 0.20318027948663883, 0.1696873819158725, 0.17872656764227993, 0.17016671158158544, 0.16779965186019588, 0.17141485527406514, 0.16152316582854132, 0.1788975276923505, 0.16784335955502594, 0.18360335307481257, 0.1621090503853261, 0.1479386298582297, 0.1442664437934372, 0.15466119717574808, 0.1419096651496945, 0.14466605203195118, 0.14409656852076738, 0.14043279288390337, 0.14024615699315107, 0.1441662615785996, 0.14965930288270318, 0.14350699080501955, 0.14623314558283873, 0.15805865937281452, 0.1390096559464841, 0.15003398992403866], "val_acc": [0.9430803571428571, 0.9415781487101669, 0.9385432473444613, 0.9506828528072838, 0.9506828528072838, 0.947268588770865, 0.9465098634294385, 0.9575113808801214, 0.9503034901365706, 0.9582701062215478, 0.9544764796048629, 0.9556145675265554, 0.9563732928679818, 0.9601669195751138, 0.9575113809705685, 0.9559939301972686, 0.9590288316534213, 0.9609256450069873, 0.9613050076777006, 0.9582701062215478, 0.9563732928679818, 0.9571320182094082, 0.9586494689827081, 0.9575113808801214, 0.9427162367223065, 0.9559939302877157, 0.9525796661608498, 0.9556145675265554, 0.954855842185129, 0.9503034901365706, 0.954855842185129, 0.9468892261905989, 0.9540971169341497, 0.9487860394537178, 0.9597875569948477, 0.9635811837019798, 0.9643399090434062, 0.962063733019127, 0.9590288316534213, 0.9586494689827081, 0.9613050076777006, 0.965857359726259, 0.965857359726259, 0.9601934523809523, 0.9632018209408194, 0.9628224583605534, 0.9635811837019798, 0.9544764796048629, 0.9647192716236722, 0.9594081943241345], "loss": [0.8421491362999395, 0.6308632220934983, 0.5652612309028153, 0.5142966244137459, 0.47480459853007906, 0.43583465569671476, 0.4038658097063023, 0.3738408086664726, 0.3470162683517171, 0.32621599053138395, 0.30285149724712157, 0.28827736414641425, 0.26932879394125997, 0.254617368551361, 0.24568471672761494, 0.2322808668249373, 0.22233059848351105, 0.21131157639108955, 0.20473093658414032, 0.19956357745746553, 0.19127017501439647, 0.18707543210780572, 0.18196138482418542, 0.17717785148252505, 0.1743169266896122, 0.17169105469509796, 0.1677558684737065, 0.16253203540172578, 0.16164659361481293, 0.15797649323339277, 0.15793201630828246, 0.15421812906302376, 0.1531812900810595, 0.1516136170699297, 0.15057711598384552, 0.15064229984898678, 0.14816749925715622, 0.14558486212782681, 0.14620831909752416, 0.1452671572856916, 0.143729842330209, 0.1429920027279956, 0.14339275458959685, 0.1415948724111088, 0.14136155066439113, 0.14238185988692706, 0.14352280083847516, 0.13990820417533895, 0.14006224935162911, 0.13870486247474131], "acc": [0.8848260309278351, 0.9440993788867955, 0.9485762684231969, 0.9502298943004253, 0.9504718883312392, 0.9518028555007156, 0.9527304992855024, 0.9539404694395719, 0.956078083378428, 0.9546261191935446, 0.9565620714400558, 0.9549084455628275, 0.9571670565170906, 0.9574090505479045, 0.9568040654708697, 0.958699685378912, 0.9576913769171874, 0.9595869968252296, 0.9589013471049128, 0.9597886585175746, 0.958941679409726, 0.9596273291636986, 0.9599903202099195, 0.9606759699638923, 0.9599903202099195, 0.9594659998386706, 0.9609582963620231, 0.9614019520563339, 0.961321287408244, 0.9622489311930306, 0.9627329192546584, 0.9622085988257136, 0.9616036137775268, 0.9619666048237476, 0.9617649431025548, 0.9619262724564308, 0.9630555779335623, 0.9628942486085343, 0.9633379043028452, 0.9622892635026516, 0.9623295958411207, 0.9632975719932242, 0.9627329192546584, 0.9641445511010729, 0.963700895377914, 0.9630555779335623, 0.9625715899007824, 0.9643462127645698, 0.9645478744857627, 0.963902557070259]}