{"val_loss": [0.44787742055597757, 0.4179318331984721, 0.3580479169199427, 0.33090306011244813, 0.30792021954909804, 0.2817802686973479, 0.27219906603078015, 0.26651961366576743, 0.25635486479413344, 0.2353447093903928, 0.2349811687455011, 0.22852772110239328, 0.22120806109018862, 0.201240637425859, 0.20197711132003252, 0.2077865392331469, 0.20064569521294015, 0.18744974252124838, 0.17681989012701557, 0.16944890707866916, 0.18295233297601274, 0.1672152809244729, 0.16725515043970668, 0.1608120311780837, 0.15634356857431495, 0.1593398580692245, 0.15824266962921854, 0.15722034040595403, 0.1558152916692819, 0.1746348422218527, 0.1506644566296084, 0.15943698460668643, 0.14541627974313018, 0.15184335632190357, 0.1645181009119125, 0.15262191253113638, 0.1471594126163014, 0.15023659157237443, 0.153630418960169, 0.13989238183216188, 0.13547834622841864, 0.14588238117998756, 0.14939018909866061, 0.1402096702229409, 0.14717148070270267, 0.16376651743248852, 0.146245398203954, 0.15227433901184065, 0.14383008305056866, 0.15477998760473746], "val_acc": [0.9389880952380952, 0.9374051593323217, 0.9518209408194234, 0.9484066767830045, 0.9514415781487102, 0.9556145675265554, 0.9533383915022762, 0.9533383915022762, 0.9556145675265554, 0.9582701063119949, 0.9525796662512969, 0.9552352048558422, 0.956752655538695, 0.9552352048558422, 0.9548558422755761, 0.9480273142027384, 0.951062215477997, 0.954855842185129, 0.9548558422755761, 0.9601669196655609, 0.9540971169341497, 0.9586494689827081, 0.9544764796048629, 0.9590288315629742, 0.9613050076777006, 0.9594081943241345, 0.9590288315629742, 0.9571320182094082, 0.9609256449165402, 0.951062215477997, 0.9582701062215478, 0.9578907436412817, 0.9639605462822458, 0.9590288315629742, 0.9518209408194234, 0.958649468892261, 0.9609256450069873, 0.962063733019127, 0.9597875569044007, 0.965857359726259, 0.9639605463726929, 0.9613050076777006, 0.962063733019127, 0.9624255952380952, 0.9605462823362741, 0.954855842185129, 0.9594081943241345, 0.9586494689827081, 0.958649468892261, 0.9597875569948477], "loss": [0.5809866436517116, 0.42338605778365596, 0.38102098517651767, 0.34916982624216736, 0.32046189098153527, 0.30111147413438794, 0.28100724473224203, 0.26593509616823535, 0.2513484380255209, 0.24029227830286304, 0.22987254133789523, 0.2244858222509417, 0.21383126932973487, 0.2050114151192854, 0.19760271478941666, 0.19063413826012657, 0.18716365930074316, 0.18123394588871408, 0.17600766716680769, 0.17400035327977303, 0.16969711612496846, 0.16549530079696623, 0.16449373882845966, 0.16205140017468841, 0.15795510014879846, 0.16048583064330166, 0.15719439519433, 0.15713228407856283, 0.15145010267297732, 0.15139827778178414, 0.15252721969378114, 0.14976443489145788, 0.14779660869814978, 0.14978649522581822, 0.14523739231837665, 0.14555775780569424, 0.1438900284698108, 0.1449451304003362, 0.14417609340064494, 0.1430792552296929, 0.141797924335997, 0.1444539096625022, 0.1449268859421004, 0.14504434377486314, 0.1426843628407515, 0.14187504830856212, 0.14200630386654403, 0.14104467833343606, 0.13941667833631968, 0.14080708364899663], "acc": [0.8805573453608248, 0.9441397111916087, 0.9484149391029769, 0.9487779301155418, 0.953375816701006, 0.953133822703848, 0.9546261192272005, 0.9549891102397654, 0.9556747599937382, 0.9556344276552692, 0.9570863918401527, 0.9544647898396686, 0.9563200774428978, 0.9573283858709666, 0.9577720415941253, 0.9569250624862767, 0.9578527062999113, 0.9574090505767524, 0.9590223440866639, 0.9590223441155118, 0.9593450027944157, 0.9595869968252296, 0.9597886585175746, 0.9591030087636019, 0.9607969670081471, 0.9594256675002016, 0.9604339759619263, 0.9599096555618295, 0.9597079938406367, 0.9606759699927402, 0.9604339759619263, 0.9606356376254233, 0.9624102605180586, 0.9601113172541744, 0.9624505928853755, 0.9619666048237476, 0.9626522545777204, 0.9624505928853755, 0.9624909252238445, 0.9616439461159958, 0.9623699282084375, 0.9613616197178649, 0.9619262724852787, 0.961321287408244, 0.963821892393321, 0.9627329192546584, 0.9626925868873415, 0.9633782366701621, 0.9630152456239413, 0.9626119222104035]}